customer_id,customer_name,email,country,signup_date,year,month,account_age,Status
1,Customer 1,customer1@example.com,Slovenia,2/20/2022,2022,February,"3 Years, 9 Months, 21 Days",old
2,Customer 2,customer2@example.com,Austria,8/16/2022,2022,August,"3 Years, 3 Months, 25 Days",old
3,Customer 3,customer3@example.com,Austria,5/29/2021,2021,May,"4 Years, 6 Months, 12 Days",old
4,Customer 4,customer4@example.com,Austria,1/24/2020,2020,January,"5 Years, 10 Months, 17 Days",old
5,Customer 5,customer5@example.com,Germany,1/16/2024,2024,January,"1 Years, 10 Months, 25 Days",young
6,Customer 6,customer6@example.com,Serbia,10/28/2023,2023,October,"2 Years, 1 Months, 13 Days",young
7,Customer 7,customer7@example.com,Austria,6/30/2021,2021,June,"4 Years, 5 Months, 11 Days",old
8,Customer 8,customer8@example.com,Germany,11/27/2021,2021,November,"4 Years, 0 Months, 14 Days",old
9,Customer 9,customer9@example.com,Serbia,8/24/2021,2021,August,"4 Years, 3 Months, 17 Days",old
10,Customer 10,customer10@example.com,Slovenia,11/19/2020,2020,November,"5 Years, 0 Months, 22 Days",old
11,Customer 11,customer11@example.com,Slovenia,1/7/2020,2020,January,"5 Years, 11 Months, 4 Days",old
12,Customer 12,customer12@example.com,Germany,1/13/2024,2024,January,"1 Years, 10 Months, 28 Days",young
13,Customer 13,customer13@example.com,Bosnia,10/22/2022,2022,October,"3 Years, 1 Months, 19 Days",old
14,Customer 14,customer14@example.com,Croatia,11/5/2022,2022,November,"3 Years, 1 Months, 6 Days",old
15,Customer 15,customer15@example.com,Serbia,7/4/2023,2023,July,"2 Years, 5 Months, 7 Days",young
16,Customer 16,customer16@example.com,Bosnia,8/1/2023,2023,August,"2 Years, 4 Months, 10 Days",young
17,Customer 17,customer17@example.com,Austria,6/1/2023,2023,June,"2 Years, 6 Months, 10 Days",old
18,Customer 18,customer18@example.com,Croatia,11/9/2020,2020,November,"5 Years, 1 Months, 2 Days",old
19,Customer 19,customer19@example.com,Bosnia,11/26/2020,2020,November,"5 Years, 0 Months, 15 Days",old
20,Customer 20,customer20@example.com,Austria,12/22/2022,2022,December,"2 Years, 11 Months, 19 Days",old
21,Customer 21,customer21@example.com,Serbia,5/11/2023,2023,May,"2 Years, 7 Months, 0 Days",old
22,Customer 22,customer22@example.com,Bosnia,9/27/2022,2022,September,"3 Years, 2 Months, 14 Days",old
23,Customer 23,customer23@example.com,Serbia,8/17/2020,2020,August,"5 Years, 3 Months, 24 Days",old
24,Customer 24,customer24@example.com,Bosnia,9/21/2021,2021,September,"4 Years, 2 Months, 20 Days",old
25,Customer 25,customer25@example.com,Croatia,4/28/2020,2020,April,"5 Years, 7 Months, 13 Days",old
26,Customer 26,customer26@example.com,Croatia,3/7/2023,2023,March,"2 Years, 9 Months, 4 Days",old
27,Customer 27,customer27@example.com,Serbia,6/24/2020,2020,June,"5 Years, 5 Months, 17 Days",old
28,Customer 28,customer28@example.com,Germany,9/22/2022,2022,September,"3 Years, 2 Months, 19 Days",old
29,Customer 29,customer29@example.com,Serbia,12/26/2022,2022,December,"2 Years, 11 Months, 15 Days",old
30,Customer 30,customer30@example.com,Croatia,9/19/2020,2020,September,"5 Years, 2 Months, 22 Days",old
31,Customer 31,customer31@example.com,Germany,8/31/2022,2022,August,"3 Years, 3 Months, 10 Days",old
32,Customer 32,customer32@example.com,Austria,12/4/2020,2020,December,"5 Years, 0 Months, 7 Days",old
33,Customer 33,customer33@example.com,Bosnia,12/16/2022,2022,December,"2 Years, 11 Months, 25 Days",old
34,Customer 34,customer34@example.com,Austria,5/16/2022,2022,May,"3 Years, 6 Months, 25 Days",old
35,Customer 35,customer35@example.com,Croatia,1/9/2023,2023,January,"2 Years, 11 Months, 2 Days",old
36,Customer 36,customer36@example.com,Germany,11/13/2023,2023,November,"2 Years, 0 Months, 28 Days",young
37,Customer 37,customer37@example.com,Croatia,12/31/2023,2023,December,"1 Years, 11 Months, 10 Days",young
38,Customer 38,customer38@example.com,Bosnia,3/28/2022,2022,March,"3 Years, 8 Months, 13 Days",old
39,Customer 39,customer39@example.com,Germany,8/23/2023,2023,August,"2 Years, 3 Months, 18 Days",young
40,Customer 40,customer40@example.com,Bosnia,6/16/2022,2022,June,"3 Years, 5 Months, 25 Days",old
41,Customer 41,customer41@example.com,Austria,7/13/2022,2022,July,"3 Years, 4 Months, 28 Days",old
42,Customer 42,customer42@example.com,Serbia,5/22/2021,2021,May,"4 Years, 6 Months, 19 Days",old
43,Customer 43,customer43@example.com,Croatia,5/11/2020,2020,May,"5 Years, 7 Months, 0 Days",old
44,Customer 44,customer44@example.com,Bosnia,2/13/2020,2020,February,"5 Years, 9 Months, 28 Days",old
45,Customer 45,customer45@example.com,Austria,2/8/2023,2023,February,"2 Years, 10 Months, 3 Days",old
46,Customer 46,customer46@example.com,Croatia,4/20/2023,2023,April,"2 Years, 7 Months, 21 Days",old
47,Customer 47,customer47@example.com,Croatia,1/15/2020,2020,January,"5 Years, 10 Months, 26 Days",old
48,Customer 48,customer48@example.com,Serbia,12/20/2023,2023,December,"1 Years, 11 Months, 21 Days",young
49,Customer 49,customer49@example.com,Germany,4/30/2020,2020,April,"5 Years, 7 Months, 11 Days",old
50,Customer 50,customer50@example.com,Croatia,5/18/2020,2020,May,"5 Years, 6 Months, 23 Days",old
51,Customer 51,customer51@example.com,Serbia,11/7/2021,2021,November,"4 Years, 1 Months, 4 Days",old
52,Customer 52,customer52@example.com,Serbia,11/18/2022,2022,November,"3 Years, 0 Months, 23 Days",old
53,Customer 53,customer53@example.com,Croatia,7/24/2021,2021,July,"4 Years, 4 Months, 17 Days",old
54,Customer 54,customer54@example.com,Germany,9/21/2022,2022,September,"3 Years, 2 Months, 20 Days",old
55,Customer 55,customer55@example.com,Croatia,1/9/2023,2023,January,"2 Years, 11 Months, 2 Days",old
56,Customer 56,customer56@example.com,Croatia,1/21/2024,2024,January,"1 Years, 10 Months, 20 Days",young
57,Customer 57,customer57@example.com,Austria,3/26/2023,2023,March,"2 Years, 8 Months, 15 Days",old
58,Customer 58,customer58@example.com,Slovenia,5/12/2021,2021,May,"4 Years, 6 Months, 29 Days",old
59,Customer 59,customer59@example.com,Slovenia,4/13/2022,2022,April,"3 Years, 7 Months, 28 Days",old
60,Customer 60,customer60@example.com,Croatia,7/12/2020,2020,July,"5 Years, 4 Months, 29 Days",old
61,Customer 61,customer61@example.com,Serbia,9/11/2023,2023,September,"2 Years, 3 Months, 0 Days",young
62,Customer 62,customer62@example.com,Slovenia,12/26/2021,2021,December,"3 Years, 11 Months, 15 Days",old
63,Customer 63,customer63@example.com,Slovenia,4/21/2022,2022,April,"3 Years, 7 Months, 20 Days",old
64,Customer 64,customer64@example.com,Slovenia,2/2/2024,2024,February,"1 Years, 10 Months, 9 Days",young
65,Customer 65,customer65@example.com,Serbia,10/11/2023,2023,October,"2 Years, 2 Months, 0 Days",young
66,Customer 66,customer66@example.com,Germany,8/16/2023,2023,August,"2 Years, 3 Months, 25 Days",young
67,Customer 67,customer67@example.com,Serbia,5/4/2020,2020,May,"5 Years, 7 Months, 7 Days",old
68,Customer 68,customer68@example.com,Slovenia,1/31/2024,2024,January,"1 Years, 10 Months, 10 Days",young
69,Customer 69,customer69@example.com,Bosnia,8/11/2020,2020,August,"5 Years, 4 Months, 0 Days",old
70,Customer 70,customer70@example.com,Croatia,1/27/2021,2021,January,"4 Years, 10 Months, 14 Days",old
71,Customer 71,customer71@example.com,Croatia,1/3/2023,2023,January,"2 Years, 11 Months, 8 Days",old
72,Customer 72,customer72@example.com,Slovenia,10/14/2020,2020,October,"5 Years, 1 Months, 27 Days",old
73,Customer 73,customer73@example.com,Slovenia,1/10/2021,2021,January,"4 Years, 11 Months, 1 Days",old
74,Customer 74,customer74@example.com,Bosnia,8/5/2022,2022,August,"3 Years, 4 Months, 6 Days",old
75,Customer 75,customer75@example.com,Croatia,6/3/2020,2020,June,"5 Years, 6 Months, 8 Days",old
76,Customer 76,customer76@example.com,Slovenia,2/1/2023,2023,February,"2 Years, 10 Months, 10 Days",old
77,Customer 77,customer77@example.com,Serbia,4/13/2020,2020,April,"5 Years, 7 Months, 28 Days",old
78,Customer 78,customer78@example.com,Germany,1/12/2023,2023,January,"2 Years, 10 Months, 29 Days",old
79,Customer 79,customer79@example.com,Serbia,7/10/2020,2020,July,"5 Years, 5 Months, 1 Days",old
80,Customer 80,customer80@example.com,Croatia,12/6/2020,2020,December,"5 Years, 0 Months, 5 Days",old
81,Customer 81,customer81@example.com,Slovenia,9/21/2022,2022,September,"3 Years, 2 Months, 20 Days",old
82,Customer 82,customer82@example.com,Slovenia,3/13/2021,2021,March,"4 Years, 8 Months, 28 Days",old
83,Customer 83,customer83@example.com,Slovenia,4/30/2020,2020,April,"5 Years, 7 Months, 11 Days",old
84,Customer 84,customer84@example.com,Croatia,2/15/2022,2022,February,"3 Years, 9 Months, 26 Days",old
85,Customer 85,customer85@example.com,Serbia,3/10/2022,2022,March,"3 Years, 9 Months, 1 Days",old
86,Customer 86,customer86@example.com,Bosnia,7/20/2022,2022,July,"3 Years, 4 Months, 21 Days",old
87,Customer 87,customer87@example.com,Bosnia,5/16/2022,2022,May,"3 Years, 6 Months, 25 Days",old
88,Customer 88,customer88@example.com,Germany,2/5/2024,2024,February,"1 Years, 10 Months, 6 Days",young
89,Customer 89,customer89@example.com,Austria,9/17/2023,2023,September,"2 Years, 2 Months, 24 Days",young
90,Customer 90,customer90@example.com,Germany,9/23/2022,2022,September,"3 Years, 2 Months, 18 Days",old
91,Customer 91,customer91@example.com,Croatia,1/23/2021,2021,January,"4 Years, 10 Months, 18 Days",old
92,Customer 92,customer92@example.com,Bosnia,3/21/2021,2021,March,"4 Years, 8 Months, 20 Days",old
93,Customer 93,customer93@example.com,Serbia,4/1/2023,2023,April,"2 Years, 8 Months, 10 Days",old
94,Customer 94,customer94@example.com,Germany,1/15/2023,2023,January,"2 Years, 10 Months, 26 Days",old
95,Customer 95,customer95@example.com,Serbia,10/4/2021,2021,October,"4 Years, 2 Months, 7 Days",old
96,Customer 96,customer96@example.com,Serbia,4/12/2020,2020,April,"5 Years, 7 Months, 29 Days",old
97,Customer 97,customer97@example.com,Austria,9/3/2022,2022,September,"3 Years, 3 Months, 8 Days",old
98,Customer 98,customer98@example.com,Austria,12/23/2022,2022,December,"2 Years, 11 Months, 18 Days",old
99,Customer 99,customer99@example.com,Croatia,4/26/2020,2020,April,"5 Years, 7 Months, 15 Days",old
100,Customer 100,customer100@example.com,Austria,6/13/2020,2020,June,"5 Years, 5 Months, 28 Days",old
101,Customer 101,customer101@example.com,Croatia,5/20/2020,2020,May,"5 Years, 6 Months, 21 Days",old
102,Customer 102,customer102@example.com,Austria,5/19/2020,2020,May,"5 Years, 6 Months, 22 Days",old
103,Customer 103,customer103@example.com,Germany,4/26/2021,2021,April,"4 Years, 7 Months, 15 Days",old
104,Customer 104,customer104@example.com,Slovenia,9/2/2020,2020,September,"5 Years, 3 Months, 9 Days",old
105,Customer 105,customer105@example.com,Austria,5/19/2021,2021,May,"4 Years, 6 Months, 22 Days",old
106,Customer 106,customer106@example.com,Austria,5/2/2023,2023,May,"2 Years, 7 Months, 9 Days",old
107,Customer 107,customer107@example.com,Serbia,6/22/2023,2023,June,"2 Years, 5 Months, 19 Days",young
108,Customer 108,customer108@example.com,Serbia,5/8/2022,2022,May,"3 Years, 7 Months, 3 Days",old
109,Customer 109,customer109@example.com,Germany,4/10/2023,2023,April,"2 Years, 8 Months, 1 Days",old
110,Customer 110,customer110@example.com,Austria,12/6/2022,2022,December,"3 Years, 0 Months, 5 Days",old
111,Customer 111,customer111@example.com,Bosnia,6/18/2021,2021,June,"4 Years, 5 Months, 23 Days",old
112,Customer 112,customer112@example.com,Croatia,10/3/2023,2023,October,"2 Years, 2 Months, 8 Days",young
113,Customer 113,customer113@example.com,Germany,10/5/2021,2021,October,"4 Years, 2 Months, 6 Days",old
114,Customer 114,customer114@example.com,Croatia,6/27/2021,2021,June,"4 Years, 5 Months, 14 Days",old
115,Customer 115,customer115@example.com,Slovenia,9/25/2020,2020,September,"5 Years, 2 Months, 16 Days",old
116,Customer 116,customer116@example.com,Germany,8/14/2023,2023,August,"2 Years, 3 Months, 27 Days",young
117,Customer 117,customer117@example.com,Bosnia,7/25/2022,2022,July,"3 Years, 4 Months, 16 Days",old
118,Customer 118,customer118@example.com,Bosnia,5/28/2020,2020,May,"5 Years, 6 Months, 13 Days",old
119,Customer 119,customer119@example.com,Serbia,7/27/2022,2022,July,"3 Years, 4 Months, 14 Days",old
120,Customer 120,customer120@example.com,Austria,2/27/2023,2023,February,"2 Years, 9 Months, 14 Days",old
121,Customer 121,customer121@example.com,Serbia,5/30/2020,2020,May,"5 Years, 6 Months, 11 Days",old
122,Customer 122,customer122@example.com,Austria,3/12/2021,2021,March,"4 Years, 8 Months, 29 Days",old
123,Customer 123,customer123@example.com,Austria,6/27/2021,2021,June,"4 Years, 5 Months, 14 Days",old
124,Customer 124,customer124@example.com,Croatia,12/15/2021,2021,December,"3 Years, 11 Months, 26 Days",old
125,Customer 125,customer125@example.com,Serbia,5/15/2021,2021,May,"4 Years, 6 Months, 26 Days",old
126,Customer 126,customer126@example.com,Bosnia,8/6/2021,2021,August,"4 Years, 4 Months, 5 Days",old
127,Customer 127,customer127@example.com,Croatia,6/16/2022,2022,June,"3 Years, 5 Months, 25 Days",old
128,Customer 128,customer128@example.com,Austria,12/11/2023,2023,December,"2 Years, 0 Months, 0 Days",young
129,Customer 129,customer129@example.com,Bosnia,6/6/2023,2023,June,"2 Years, 6 Months, 5 Days",old
130,Customer 130,customer130@example.com,Germany,12/19/2022,2022,December,"2 Years, 11 Months, 22 Days",old
131,Customer 131,customer131@example.com,Serbia,9/29/2023,2023,September,"2 Years, 2 Months, 12 Days",young
132,Customer 132,customer132@example.com,Austria,9/5/2021,2021,September,"4 Years, 3 Months, 6 Days",old
133,Customer 133,customer133@example.com,Germany,7/31/2020,2020,July,"5 Years, 4 Months, 10 Days",old
134,Customer 134,customer134@example.com,Croatia,6/25/2021,2021,June,"4 Years, 5 Months, 16 Days",old
135,Customer 135,customer135@example.com,Serbia,8/7/2020,2020,August,"5 Years, 4 Months, 4 Days",old
136,Customer 136,customer136@example.com,Germany,2/7/2023,2023,February,"2 Years, 10 Months, 4 Days",old
137,Customer 137,customer137@example.com,Croatia,7/11/2021,2021,July,"4 Years, 5 Months, 0 Days",old
138,Customer 138,customer138@example.com,Bosnia,5/23/2023,2023,May,"2 Years, 6 Months, 18 Days",old
139,Customer 139,customer139@example.com,Croatia,1/9/2024,2024,January,"1 Years, 11 Months, 2 Days",young
140,Customer 140,customer140@example.com,Bosnia,2/20/2021,2021,February,"4 Years, 9 Months, 21 Days",old
141,Customer 141,customer141@example.com,Germany,7/22/2023,2023,July,"2 Years, 4 Months, 19 Days",young
142,Customer 142,customer142@example.com,Bosnia,11/1/2022,2022,November,"3 Years, 1 Months, 10 Days",old
143,Customer 143,customer143@example.com,Slovenia,5/29/2021,2021,May,"4 Years, 6 Months, 12 Days",old
144,Customer 144,customer144@example.com,Serbia,7/8/2020,2020,July,"5 Years, 5 Months, 3 Days",old
145,Customer 145,customer145@example.com,Germany,5/17/2022,2022,May,"3 Years, 6 Months, 24 Days",old
146,Customer 146,customer146@example.com,Bosnia,3/31/2020,2020,March,"5 Years, 8 Months, 10 Days",old
147,Customer 147,customer147@example.com,Serbia,11/14/2021,2021,November,"4 Years, 0 Months, 27 Days",old
148,Customer 148,customer148@example.com,Croatia,7/28/2023,2023,July,"2 Years, 4 Months, 13 Days",young
149,Customer 149,customer149@example.com,Bosnia,11/26/2020,2020,November,"5 Years, 0 Months, 15 Days",old
150,Customer 150,customer150@example.com,Germany,6/23/2022,2022,June,"3 Years, 5 Months, 18 Days",old
151,Customer 151,customer151@example.com,Austria,12/16/2023,2023,December,"1 Years, 11 Months, 25 Days",young
152,Customer 152,customer152@example.com,Slovenia,2/22/2023,2023,February,"2 Years, 9 Months, 19 Days",old
153,Customer 153,customer153@example.com,Serbia,8/17/2020,2020,August,"5 Years, 3 Months, 24 Days",old
154,Customer 154,customer154@example.com,Serbia,11/16/2023,2023,November,"2 Years, 0 Months, 25 Days",young
155,Customer 155,customer155@example.com,Croatia,1/22/2023,2023,January,"2 Years, 10 Months, 19 Days",old
156,Customer 156,customer156@example.com,Serbia,1/26/2022,2022,January,"3 Years, 10 Months, 15 Days",old
157,Customer 157,customer157@example.com,Austria,2/5/2023,2023,February,"2 Years, 10 Months, 6 Days",old
158,Customer 158,customer158@example.com,Croatia,5/30/2022,2022,May,"3 Years, 6 Months, 11 Days",old
159,Customer 159,customer159@example.com,Croatia,3/26/2020,2020,March,"5 Years, 8 Months, 15 Days",old
160,Customer 160,customer160@example.com,Bosnia,1/16/2022,2022,January,"3 Years, 10 Months, 25 Days",old
161,Customer 161,customer161@example.com,Serbia,1/2/2022,2022,January,"3 Years, 11 Months, 9 Days",old
162,Customer 162,customer162@example.com,Croatia,10/28/2023,2023,October,"2 Years, 1 Months, 13 Days",young
163,Customer 163,customer163@example.com,Croatia,9/27/2023,2023,September,"2 Years, 2 Months, 14 Days",young
164,Customer 164,customer164@example.com,Serbia,12/25/2021,2021,December,"3 Years, 11 Months, 16 Days",old
165,Customer 165,customer165@example.com,Austria,4/12/2022,2022,April,"3 Years, 7 Months, 29 Days",old
166,Customer 166,customer166@example.com,Austria,11/12/2020,2020,November,"5 Years, 0 Months, 29 Days",old
167,Customer 167,customer167@example.com,Croatia,11/28/2020,2020,November,"5 Years, 0 Months, 13 Days",old
168,Customer 168,customer168@example.com,Croatia,4/24/2022,2022,April,"3 Years, 7 Months, 17 Days",old
169,Customer 169,customer169@example.com,Serbia,1/2/2021,2021,January,"4 Years, 11 Months, 9 Days",old
170,Customer 170,customer170@example.com,Germany,11/11/2021,2021,November,"4 Years, 1 Months, 0 Days",old
171,Customer 171,customer171@example.com,Slovenia,10/3/2023,2023,October,"2 Years, 2 Months, 8 Days",young
172,Customer 172,customer172@example.com,Germany,5/23/2021,2021,May,"4 Years, 6 Months, 18 Days",old
173,Customer 173,customer173@example.com,Bosnia,11/22/2020,2020,November,"5 Years, 0 Months, 19 Days",old
174,Customer 174,customer174@example.com,Germany,8/9/2020,2020,August,"5 Years, 4 Months, 2 Days",old
175,Customer 175,customer175@example.com,Slovenia,3/20/2020,2020,March,"5 Years, 8 Months, 21 Days",old
176,Customer 176,customer176@example.com,Slovenia,3/31/2021,2021,March,"4 Years, 8 Months, 10 Days",old
177,Customer 177,customer177@example.com,Croatia,7/31/2022,2022,July,"3 Years, 4 Months, 10 Days",old
178,Customer 178,customer178@example.com,Bosnia,9/17/2021,2021,September,"4 Years, 2 Months, 24 Days",old
179,Customer 179,customer179@example.com,Croatia,4/1/2021,2021,April,"4 Years, 8 Months, 10 Days",old
180,Customer 180,customer180@example.com,Serbia,9/13/2023,2023,September,"2 Years, 2 Months, 28 Days",young
181,Customer 181,customer181@example.com,Croatia,3/27/2022,2022,March,"3 Years, 8 Months, 14 Days",old
182,Customer 182,customer182@example.com,Bosnia,7/24/2021,2021,July,"4 Years, 4 Months, 17 Days",old
183,Customer 183,customer183@example.com,Serbia,7/25/2021,2021,July,"4 Years, 4 Months, 16 Days",old
184,Customer 184,customer184@example.com,Bosnia,8/6/2023,2023,August,"2 Years, 4 Months, 5 Days",young
185,Customer 185,customer185@example.com,Austria,3/29/2022,2022,March,"3 Years, 8 Months, 12 Days",old
186,Customer 186,customer186@example.com,Germany,1/3/2023,2023,January,"2 Years, 11 Months, 8 Days",old
187,Customer 187,customer187@example.com,Bosnia,2/26/2020,2020,February,"5 Years, 9 Months, 15 Days",old
188,Customer 188,customer188@example.com,Serbia,6/18/2021,2021,June,"4 Years, 5 Months, 23 Days",old
189,Customer 189,customer189@example.com,Croatia,4/4/2023,2023,April,"2 Years, 8 Months, 7 Days",old
190,Customer 190,customer190@example.com,Bosnia,3/19/2020,2020,March,"5 Years, 8 Months, 22 Days",old
191,Customer 191,customer191@example.com,Serbia,5/6/2023,2023,May,"2 Years, 7 Months, 5 Days",old
192,Customer 192,customer192@example.com,Slovenia,12/8/2021,2021,December,"4 Years, 0 Months, 3 Days",old
193,Customer 193,customer193@example.com,Germany,10/4/2021,2021,October,"4 Years, 2 Months, 7 Days",old
194,Customer 194,customer194@example.com,Slovenia,5/26/2023,2023,May,"2 Years, 6 Months, 15 Days",old
195,Customer 195,customer195@example.com,Austria,8/24/2020,2020,August,"5 Years, 3 Months, 17 Days",old
196,Customer 196,customer196@example.com,Slovenia,3/26/2023,2023,March,"2 Years, 8 Months, 15 Days",old
197,Customer 197,customer197@example.com,Croatia,6/5/2021,2021,June,"4 Years, 6 Months, 6 Days",old
198,Customer 198,customer198@example.com,Serbia,12/22/2023,2023,December,"1 Years, 11 Months, 19 Days",young
199,Customer 199,customer199@example.com,Slovenia,1/4/2020,2020,January,"5 Years, 11 Months, 7 Days",old
200,Customer 200,customer200@example.com,Austria,1/7/2023,2023,January,"2 Years, 11 Months, 4 Days",old
201,Customer 201,customer201@example.com,Germany,1/13/2024,2024,January,"1 Years, 10 Months, 28 Days",young
202,Customer 202,customer202@example.com,Germany,10/5/2023,2023,October,"2 Years, 2 Months, 6 Days",young
203,Customer 203,customer203@example.com,Croatia,1/15/2022,2022,January,"3 Years, 10 Months, 26 Days",old
204,Customer 204,customer204@example.com,Slovenia,5/23/2020,2020,May,"5 Years, 6 Months, 18 Days",old
205,Customer 205,customer205@example.com,Germany,11/7/2021,2021,November,"4 Years, 1 Months, 4 Days",old
206,Customer 206,customer206@example.com,Austria,10/4/2021,2021,October,"4 Years, 2 Months, 7 Days",old
207,Customer 207,customer207@example.com,Germany,9/12/2020,2020,September,"5 Years, 2 Months, 29 Days",old
208,Customer 208,customer208@example.com,Germany,9/7/2021,2021,September,"4 Years, 3 Months, 4 Days",old
209,Customer 209,customer209@example.com,Austria,9/25/2021,2021,September,"4 Years, 2 Months, 16 Days",old
210,Customer 210,customer210@example.com,Germany,4/16/2022,2022,April,"3 Years, 7 Months, 25 Days",old
211,Customer 211,customer211@example.com,Bosnia,4/4/2022,2022,April,"3 Years, 8 Months, 7 Days",old
212,Customer 212,customer212@example.com,Germany,8/28/2021,2021,August,"4 Years, 3 Months, 13 Days",old
213,Customer 213,customer213@example.com,Austria,9/17/2020,2020,September,"5 Years, 2 Months, 24 Days",old
214,Customer 214,customer214@example.com,Croatia,5/11/2022,2022,May,"3 Years, 7 Months, 0 Days",old
215,Customer 215,customer215@example.com,Germany,2/15/2022,2022,February,"3 Years, 9 Months, 26 Days",old
216,Customer 216,customer216@example.com,Germany,12/22/2020,2020,December,"4 Years, 11 Months, 19 Days",old
217,Customer 217,customer217@example.com,Austria,3/11/2023,2023,March,"2 Years, 9 Months, 0 Days",old
218,Customer 218,customer218@example.com,Bosnia,4/11/2022,2022,April,"3 Years, 8 Months, 0 Days",old
219,Customer 219,customer219@example.com,Austria,1/1/2020,2020,January,"5 Years, 11 Months, 10 Days",old
220,Customer 220,customer220@example.com,Bosnia,8/10/2021,2021,August,"4 Years, 4 Months, 1 Days",old
221,Customer 221,customer221@example.com,Croatia,5/30/2022,2022,May,"3 Years, 6 Months, 11 Days",old
222,Customer 222,customer222@example.com,Austria,5/27/2023,2023,May,"2 Years, 6 Months, 14 Days",old
223,Customer 223,customer223@example.com,Germany,10/21/2021,2021,October,"4 Years, 1 Months, 20 Days",old
224,Customer 224,customer224@example.com,Slovenia,6/23/2022,2022,June,"3 Years, 5 Months, 18 Days",old
225,Customer 225,customer225@example.com,Slovenia,10/15/2023,2023,October,"2 Years, 1 Months, 26 Days",young
226,Customer 226,customer226@example.com,Croatia,11/12/2022,2022,November,"3 Years, 0 Months, 29 Days",old
227,Customer 227,customer227@example.com,Slovenia,12/13/2020,2020,December,"4 Years, 11 Months, 28 Days",old
228,Customer 228,customer228@example.com,Germany,6/22/2020,2020,June,"5 Years, 5 Months, 19 Days",old
229,Customer 229,customer229@example.com,Bosnia,11/21/2022,2022,November,"3 Years, 0 Months, 20 Days",old
230,Customer 230,customer230@example.com,Germany,7/20/2023,2023,July,"2 Years, 4 Months, 21 Days",young
231,Customer 231,customer231@example.com,Austria,11/17/2021,2021,November,"4 Years, 0 Months, 24 Days",old
232,Customer 232,customer232@example.com,Serbia,4/26/2021,2021,April,"4 Years, 7 Months, 15 Days",old
233,Customer 233,customer233@example.com,Germany,9/27/2021,2021,September,"4 Years, 2 Months, 14 Days",old
234,Customer 234,customer234@example.com,Croatia,2/11/2021,2021,February,"4 Years, 10 Months, 0 Days",old
235,Customer 235,customer235@example.com,Croatia,2/20/2020,2020,February,"5 Years, 9 Months, 21 Days",old
236,Customer 236,customer236@example.com,Serbia,5/16/2021,2021,May,"4 Years, 6 Months, 25 Days",old
237,Customer 237,customer237@example.com,Slovenia,6/5/2023,2023,June,"2 Years, 6 Months, 6 Days",old
238,Customer 238,customer238@example.com,Serbia,7/21/2022,2022,July,"3 Years, 4 Months, 20 Days",old
239,Customer 239,customer239@example.com,Slovenia,7/13/2023,2023,July,"2 Years, 4 Months, 28 Days",young
240,Customer 240,customer240@example.com,Austria,2/2/2021,2021,February,"4 Years, 10 Months, 9 Days",old
241,Customer 241,customer241@example.com,Germany,11/27/2023,2023,November,"2 Years, 0 Months, 14 Days",young
242,Customer 242,customer242@example.com,Slovenia,10/9/2022,2022,October,"3 Years, 2 Months, 2 Days",old
243,Customer 243,customer243@example.com,Slovenia,5/14/2021,2021,May,"4 Years, 6 Months, 27 Days",old
244,Customer 244,customer244@example.com,Croatia,9/5/2023,2023,September,"2 Years, 3 Months, 6 Days",young
245,Customer 245,customer245@example.com,Germany,1/12/2020,2020,January,"5 Years, 10 Months, 29 Days",old
246,Customer 246,customer246@example.com,Serbia,5/20/2022,2022,May,"3 Years, 6 Months, 21 Days",old
247,Customer 247,customer247@example.com,Croatia,12/26/2020,2020,December,"4 Years, 11 Months, 15 Days",old
248,Customer 248,customer248@example.com,Germany,11/26/2022,2022,November,"3 Years, 0 Months, 15 Days",old
249,Customer 249,customer249@example.com,Slovenia,4/12/2020,2020,April,"5 Years, 7 Months, 29 Days",old
250,Customer 250,customer250@example.com,Austria,5/25/2021,2021,May,"4 Years, 6 Months, 16 Days",old
251,Customer 251,customer251@example.com,Serbia,7/23/2022,2022,July,"3 Years, 4 Months, 18 Days",old
252,Customer 252,customer252@example.com,Croatia,8/9/2022,2022,August,"3 Years, 4 Months, 2 Days",old
253,Customer 253,customer253@example.com,Germany,12/23/2022,2022,December,"2 Years, 11 Months, 18 Days",old
254,Customer 254,customer254@example.com,Austria,5/4/2023,2023,May,"2 Years, 7 Months, 7 Days",old
255,Customer 255,customer255@example.com,Bosnia,6/25/2022,2022,June,"3 Years, 5 Months, 16 Days",old
256,Customer 256,customer256@example.com,Austria,1/13/2024,2024,January,"1 Years, 10 Months, 28 Days",young
257,Customer 257,customer257@example.com,Austria,5/23/2022,2022,May,"3 Years, 6 Months, 18 Days",old
258,Customer 258,customer258@example.com,Austria,7/2/2022,2022,July,"3 Years, 5 Months, 9 Days",old
259,Customer 259,customer259@example.com,Croatia,8/30/2022,2022,August,"3 Years, 3 Months, 11 Days",old
260,Customer 260,customer260@example.com,Slovenia,6/14/2021,2021,June,"4 Years, 5 Months, 27 Days",old
261,Customer 261,customer261@example.com,Croatia,7/29/2023,2023,July,"2 Years, 4 Months, 12 Days",young
262,Customer 262,customer262@example.com,Bosnia,12/3/2022,2022,December,"3 Years, 0 Months, 8 Days",old
263,Customer 263,customer263@example.com,Slovenia,7/7/2023,2023,July,"2 Years, 5 Months, 4 Days",young
264,Customer 264,customer264@example.com,Croatia,7/16/2021,2021,July,"4 Years, 4 Months, 25 Days",old
265,Customer 265,customer265@example.com,Slovenia,6/7/2020,2020,June,"5 Years, 6 Months, 4 Days",old
266,Customer 266,customer266@example.com,Germany,8/8/2021,2021,August,"4 Years, 4 Months, 3 Days",old
267,Customer 267,customer267@example.com,Croatia,7/10/2021,2021,July,"4 Years, 5 Months, 1 Days",old
268,Customer 268,customer268@example.com,Bosnia,10/16/2021,2021,October,"4 Years, 1 Months, 25 Days",old
269,Customer 269,customer269@example.com,Austria,6/14/2020,2020,June,"5 Years, 5 Months, 27 Days",old
270,Customer 270,customer270@example.com,Croatia,11/4/2020,2020,November,"5 Years, 1 Months, 7 Days",old
271,Customer 271,customer271@example.com,Croatia,2/23/2022,2022,February,"3 Years, 9 Months, 18 Days",old
272,Customer 272,customer272@example.com,Germany,11/8/2020,2020,November,"5 Years, 1 Months, 3 Days",old
273,Customer 273,customer273@example.com,Germany,3/14/2021,2021,March,"4 Years, 8 Months, 27 Days",old
274,Customer 274,customer274@example.com,Serbia,4/29/2022,2022,April,"3 Years, 7 Months, 12 Days",old
275,Customer 275,customer275@example.com,Slovenia,11/8/2021,2021,November,"4 Years, 1 Months, 3 Days",old
276,Customer 276,customer276@example.com,Austria,8/12/2022,2022,August,"3 Years, 3 Months, 29 Days",old
277,Customer 277,customer277@example.com,Slovenia,5/7/2020,2020,May,"5 Years, 7 Months, 4 Days",old
278,Customer 278,customer278@example.com,Croatia,5/10/2022,2022,May,"3 Years, 7 Months, 1 Days",old
279,Customer 279,customer279@example.com,Slovenia,4/11/2023,2023,April,"2 Years, 8 Months, 0 Days",old
280,Customer 280,customer280@example.com,Germany,2/10/2020,2020,February,"5 Years, 10 Months, 1 Days",old
281,Customer 281,customer281@example.com,Austria,2/18/2022,2022,February,"3 Years, 9 Months, 23 Days",old
282,Customer 282,customer282@example.com,Slovenia,1/13/2020,2020,January,"5 Years, 10 Months, 28 Days",old
283,Customer 283,customer283@example.com,Bosnia,9/3/2021,2021,September,"4 Years, 3 Months, 8 Days",old
284,Customer 284,customer284@example.com,Slovenia,5/8/2022,2022,May,"3 Years, 7 Months, 3 Days",old
285,Customer 285,customer285@example.com,Austria,1/23/2023,2023,January,"2 Years, 10 Months, 18 Days",old
286,Customer 286,customer286@example.com,Austria,3/27/2021,2021,March,"4 Years, 8 Months, 14 Days",old
287,Customer 287,customer287@example.com,Slovenia,3/25/2021,2021,March,"4 Years, 8 Months, 16 Days",old
288,Customer 288,customer288@example.com,Bosnia,6/11/2022,2022,June,"3 Years, 6 Months, 0 Days",old
289,Customer 289,customer289@example.com,Slovenia,2/29/2020,2020,February,"5 Years, 9 Months, 12 Days",old
290,Customer 290,customer290@example.com,Slovenia,11/19/2021,2021,November,"4 Years, 0 Months, 22 Days",old
291,Customer 291,customer291@example.com,Germany,10/22/2023,2023,October,"2 Years, 1 Months, 19 Days",young
292,Customer 292,customer292@example.com,Slovenia,1/23/2024,2024,January,"1 Years, 10 Months, 18 Days",young
293,Customer 293,customer293@example.com,Croatia,8/15/2022,2022,August,"3 Years, 3 Months, 26 Days",old
294,Customer 294,customer294@example.com,Croatia,6/28/2023,2023,June,"2 Years, 5 Months, 13 Days",young
295,Customer 295,customer295@example.com,Austria,2/25/2020,2020,February,"5 Years, 9 Months, 16 Days",old
296,Customer 296,customer296@example.com,Slovenia,4/27/2023,2023,April,"2 Years, 7 Months, 14 Days",old
297,Customer 297,customer297@example.com,Austria,9/19/2023,2023,September,"2 Years, 2 Months, 22 Days",young
298,Customer 298,customer298@example.com,Serbia,6/20/2020,2020,June,"5 Years, 5 Months, 21 Days",old
299,Customer 299,customer299@example.com,Germany,5/27/2022,2022,May,"3 Years, 6 Months, 14 Days",old
300,Customer 300,customer300@example.com,Croatia,8/3/2022,2022,August,"3 Years, 4 Months, 8 Days",old
301,Customer 301,customer301@example.com,Croatia,4/12/2020,2020,April,"5 Years, 7 Months, 29 Days",old
302,Customer 302,customer302@example.com,Bosnia,2/15/2022,2022,February,"3 Years, 9 Months, 26 Days",old
303,Customer 303,customer303@example.com,Bosnia,3/9/2021,2021,March,"4 Years, 9 Months, 2 Days",old
304,Customer 304,customer304@example.com,Slovenia,10/31/2021,2021,October,"4 Years, 1 Months, 10 Days",old
305,Customer 305,customer305@example.com,Bosnia,2/15/2022,2022,February,"3 Years, 9 Months, 26 Days",old
306,Customer 306,customer306@example.com,Bosnia,5/13/2022,2022,May,"3 Years, 6 Months, 28 Days",old
307,Customer 307,customer307@example.com,Bosnia,6/16/2020,2020,June,"5 Years, 5 Months, 25 Days",old
308,Customer 308,customer308@example.com,Slovenia,2/9/2020,2020,February,"5 Years, 10 Months, 2 Days",old
309,Customer 309,customer309@example.com,Germany,1/9/2023,2023,January,"2 Years, 11 Months, 2 Days",old
310,Customer 310,customer310@example.com,Serbia,12/17/2021,2021,December,"3 Years, 11 Months, 24 Days",old
311,Customer 311,customer311@example.com,Croatia,8/24/2023,2023,August,"2 Years, 3 Months, 17 Days",young
312,Customer 312,customer312@example.com,Serbia,8/27/2023,2023,August,"2 Years, 3 Months, 14 Days",young
313,Customer 313,customer313@example.com,Serbia,3/4/2020,2020,March,"5 Years, 9 Months, 7 Days",old
314,Customer 314,customer314@example.com,Croatia,2/12/2021,2021,February,"4 Years, 9 Months, 29 Days",old
315,Customer 315,customer315@example.com,Serbia,6/26/2023,2023,June,"2 Years, 5 Months, 15 Days",young
316,Customer 316,customer316@example.com,Croatia,5/3/2021,2021,May,"4 Years, 7 Months, 8 Days",old
317,Customer 317,customer317@example.com,Croatia,8/27/2022,2022,August,"3 Years, 3 Months, 14 Days",old
318,Customer 318,customer318@example.com,Germany,8/22/2020,2020,August,"5 Years, 3 Months, 19 Days",old
319,Customer 319,customer319@example.com,Austria,3/22/2021,2021,March,"4 Years, 8 Months, 19 Days",old
320,Customer 320,customer320@example.com,Slovenia,12/3/2023,2023,December,"2 Years, 0 Months, 8 Days",young
321,Customer 321,customer321@example.com,Bosnia,1/25/2022,2022,January,"3 Years, 10 Months, 16 Days",old
322,Customer 322,customer322@example.com,Croatia,5/25/2023,2023,May,"2 Years, 6 Months, 16 Days",old
323,Customer 323,customer323@example.com,Austria,1/11/2024,2024,January,"1 Years, 11 Months, 0 Days",young
324,Customer 324,customer324@example.com,Serbia,12/1/2020,2020,December,"5 Years, 0 Months, 10 Days",old
325,Customer 325,customer325@example.com,Bosnia,8/9/2020,2020,August,"5 Years, 4 Months, 2 Days",old
326,Customer 326,customer326@example.com,Austria,2/22/2020,2020,February,"5 Years, 9 Months, 19 Days",old
327,Customer 327,customer327@example.com,Bosnia,3/25/2023,2023,March,"2 Years, 8 Months, 16 Days",old
328,Customer 328,customer328@example.com,Germany,2/7/2022,2022,February,"3 Years, 10 Months, 4 Days",old
329,Customer 329,customer329@example.com,Slovenia,1/4/2024,2024,January,"1 Years, 11 Months, 7 Days",young
330,Customer 330,customer330@example.com,Croatia,6/4/2020,2020,June,"5 Years, 6 Months, 7 Days",old
331,Customer 331,customer331@example.com,Austria,11/15/2023,2023,November,"2 Years, 0 Months, 26 Days",young
332,Customer 332,customer332@example.com,Germany,5/12/2021,2021,May,"4 Years, 6 Months, 29 Days",old
333,Customer 333,customer333@example.com,Serbia,11/28/2023,2023,November,"2 Years, 0 Months, 13 Days",young
334,Customer 334,customer334@example.com,Bosnia,11/2/2023,2023,November,"2 Years, 1 Months, 9 Days",young
335,Customer 335,customer335@example.com,Austria,9/4/2020,2020,September,"5 Years, 3 Months, 7 Days",old
336,Customer 336,customer336@example.com,Austria,3/25/2020,2020,March,"5 Years, 8 Months, 16 Days",old
337,Customer 337,customer337@example.com,Bosnia,12/27/2022,2022,December,"2 Years, 11 Months, 14 Days",old
338,Customer 338,customer338@example.com,Slovenia,9/16/2023,2023,September,"2 Years, 2 Months, 25 Days",young
339,Customer 339,customer339@example.com,Bosnia,5/21/2020,2020,May,"5 Years, 6 Months, 20 Days",old
340,Customer 340,customer340@example.com,Austria,8/19/2023,2023,August,"2 Years, 3 Months, 22 Days",young
341,Customer 341,customer341@example.com,Bosnia,1/26/2020,2020,January,"5 Years, 10 Months, 15 Days",old
342,Customer 342,customer342@example.com,Slovenia,9/30/2022,2022,September,"3 Years, 2 Months, 11 Days",old
343,Customer 343,customer343@example.com,Serbia,6/6/2022,2022,June,"3 Years, 6 Months, 5 Days",old
344,Customer 344,customer344@example.com,Bosnia,7/25/2023,2023,July,"2 Years, 4 Months, 16 Days",young
345,Customer 345,customer345@example.com,Slovenia,12/19/2023,2023,December,"1 Years, 11 Months, 22 Days",young
346,Customer 346,customer346@example.com,Croatia,6/10/2022,2022,June,"3 Years, 6 Months, 1 Days",old
347,Customer 347,customer347@example.com,Croatia,12/4/2022,2022,December,"3 Years, 0 Months, 7 Days",old
348,Customer 348,customer348@example.com,Germany,7/7/2021,2021,July,"4 Years, 5 Months, 4 Days",old
349,Customer 349,customer349@example.com,Austria,1/7/2023,2023,January,"2 Years, 11 Months, 4 Days",old
350,Customer 350,customer350@example.com,Slovenia,8/10/2022,2022,August,"3 Years, 4 Months, 1 Days",old
351,Customer 351,customer351@example.com,Slovenia,2/6/2024,2024,February,"1 Years, 10 Months, 5 Days",young
352,Customer 352,customer352@example.com,Austria,7/3/2021,2021,July,"4 Years, 5 Months, 8 Days",old
353,Customer 353,customer353@example.com,Bosnia,5/17/2021,2021,May,"4 Years, 6 Months, 24 Days",old
354,Customer 354,customer354@example.com,Serbia,7/25/2021,2021,July,"4 Years, 4 Months, 16 Days",old
355,Customer 355,customer355@example.com,Slovenia,5/14/2021,2021,May,"4 Years, 6 Months, 27 Days",old
356,Customer 356,customer356@example.com,Slovenia,3/13/2023,2023,March,"2 Years, 8 Months, 28 Days",old
357,Customer 357,customer357@example.com,Austria,9/30/2023,2023,September,"2 Years, 2 Months, 11 Days",young
358,Customer 358,customer358@example.com,Slovenia,11/19/2021,2021,November,"4 Years, 0 Months, 22 Days",old
359,Customer 359,customer359@example.com,Serbia,10/9/2022,2022,October,"3 Years, 2 Months, 2 Days",old
360,Customer 360,customer360@example.com,Bosnia,1/7/2021,2021,January,"4 Years, 11 Months, 4 Days",old
361,Customer 361,customer361@example.com,Slovenia,3/10/2021,2021,March,"4 Years, 9 Months, 1 Days",old
362,Customer 362,customer362@example.com,Bosnia,6/13/2021,2021,June,"4 Years, 5 Months, 28 Days",old
363,Customer 363,customer363@example.com,Bosnia,7/26/2021,2021,July,"4 Years, 4 Months, 15 Days",old
364,Customer 364,customer364@example.com,Austria,12/7/2023,2023,December,"2 Years, 0 Months, 4 Days",young
365,Customer 365,customer365@example.com,Bosnia,2/12/2023,2023,February,"2 Years, 9 Months, 29 Days",old
366,Customer 366,customer366@example.com,Serbia,11/24/2022,2022,November,"3 Years, 0 Months, 17 Days",old
367,Customer 367,customer367@example.com,Croatia,6/24/2020,2020,June,"5 Years, 5 Months, 17 Days",old
368,Customer 368,customer368@example.com,Croatia,1/14/2024,2024,January,"1 Years, 10 Months, 27 Days",young
369,Customer 369,customer369@example.com,Slovenia,9/27/2022,2022,September,"3 Years, 2 Months, 14 Days",old
370,Customer 370,customer370@example.com,Austria,5/7/2021,2021,May,"4 Years, 7 Months, 4 Days",old
371,Customer 371,customer371@example.com,Germany,9/2/2022,2022,September,"3 Years, 3 Months, 9 Days",old
372,Customer 372,customer372@example.com,Germany,12/28/2023,2023,December,"1 Years, 11 Months, 13 Days",young
373,Customer 373,customer373@example.com,Slovenia,7/6/2022,2022,July,"3 Years, 5 Months, 5 Days",old
374,Customer 374,customer374@example.com,Serbia,7/9/2020,2020,July,"5 Years, 5 Months, 2 Days",old
375,Customer 375,customer375@example.com,Bosnia,3/29/2021,2021,March,"4 Years, 8 Months, 12 Days",old
376,Customer 376,customer376@example.com,Slovenia,11/17/2023,2023,November,"2 Years, 0 Months, 24 Days",young
377,Customer 377,customer377@example.com,Croatia,9/19/2021,2021,September,"4 Years, 2 Months, 22 Days",old
378,Customer 378,customer378@example.com,Germany,4/6/2023,2023,April,"2 Years, 8 Months, 5 Days",old
379,Customer 379,customer379@example.com,Bosnia,8/27/2022,2022,August,"3 Years, 3 Months, 14 Days",old
380,Customer 380,customer380@example.com,Austria,12/23/2022,2022,December,"2 Years, 11 Months, 18 Days",old
381,Customer 381,customer381@example.com,Bosnia,5/21/2022,2022,May,"3 Years, 6 Months, 20 Days",old
382,Customer 382,customer382@example.com,Germany,2/1/2023,2023,February,"2 Years, 10 Months, 10 Days",old
383,Customer 383,customer383@example.com,Bosnia,12/21/2021,2021,December,"3 Years, 11 Months, 20 Days",old
384,Customer 384,customer384@example.com,Germany,7/18/2022,2022,July,"3 Years, 4 Months, 23 Days",old
385,Customer 385,customer385@example.com,Bosnia,9/19/2021,2021,September,"4 Years, 2 Months, 22 Days",old
386,Customer 386,customer386@example.com,Bosnia,4/17/2021,2021,April,"4 Years, 7 Months, 24 Days",old
387,Customer 387,customer387@example.com,Serbia,1/17/2024,2024,January,"1 Years, 10 Months, 24 Days",young
388,Customer 388,customer388@example.com,Croatia,10/8/2021,2021,October,"4 Years, 2 Months, 3 Days",old
389,Customer 389,customer389@example.com,Serbia,1/2/2023,2023,January,"2 Years, 11 Months, 9 Days",old
390,Customer 390,customer390@example.com,Germany,1/14/2021,2021,January,"4 Years, 10 Months, 27 Days",old
391,Customer 391,customer391@example.com,Croatia,3/19/2021,2021,March,"4 Years, 8 Months, 22 Days",old
392,Customer 392,customer392@example.com,Germany,9/18/2022,2022,September,"3 Years, 2 Months, 23 Days",old
393,Customer 393,customer393@example.com,Bosnia,1/23/2024,2024,January,"1 Years, 10 Months, 18 Days",young
394,Customer 394,customer394@example.com,Austria,12/10/2022,2022,December,"3 Years, 0 Months, 1 Days",old
395,Customer 395,customer395@example.com,Austria,8/2/2021,2021,August,"4 Years, 4 Months, 9 Days",old
396,Customer 396,customer396@example.com,Serbia,2/1/2021,2021,February,"4 Years, 10 Months, 10 Days",old
397,Customer 397,customer397@example.com,Bosnia,4/10/2021,2021,April,"4 Years, 8 Months, 1 Days",old
398,Customer 398,customer398@example.com,Bosnia,1/2/2021,2021,January,"4 Years, 11 Months, 9 Days",old
399,Customer 399,customer399@example.com,Bosnia,1/29/2020,2020,January,"5 Years, 10 Months, 12 Days",old
400,Customer 400,customer400@example.com,Germany,12/29/2022,2022,December,"2 Years, 11 Months, 12 Days",old
401,Customer 401,customer401@example.com,Croatia,7/15/2021,2021,July,"4 Years, 4 Months, 26 Days",old
402,Customer 402,customer402@example.com,Serbia,4/21/2020,2020,April,"5 Years, 7 Months, 20 Days",old
403,Customer 403,customer403@example.com,Austria,8/21/2021,2021,August,"4 Years, 3 Months, 20 Days",old
404,Customer 404,customer404@example.com,Germany,9/15/2020,2020,September,"5 Years, 2 Months, 26 Days",old
405,Customer 405,customer405@example.com,Germany,10/2/2022,2022,October,"3 Years, 2 Months, 9 Days",old
406,Customer 406,customer406@example.com,Serbia,1/26/2020,2020,January,"5 Years, 10 Months, 15 Days",old
407,Customer 407,customer407@example.com,Austria,8/5/2021,2021,August,"4 Years, 4 Months, 6 Days",old
408,Customer 408,customer408@example.com,Slovenia,9/7/2022,2022,September,"3 Years, 3 Months, 4 Days",old
409,Customer 409,customer409@example.com,Slovenia,11/28/2021,2021,November,"4 Years, 0 Months, 13 Days",old
410,Customer 410,customer410@example.com,Croatia,4/15/2020,2020,April,"5 Years, 7 Months, 26 Days",old
411,Customer 411,customer411@example.com,Bosnia,9/5/2022,2022,September,"3 Years, 3 Months, 6 Days",old
412,Customer 412,customer412@example.com,Serbia,5/13/2020,2020,May,"5 Years, 6 Months, 28 Days",old
413,Customer 413,customer413@example.com,Slovenia,10/4/2022,2022,October,"3 Years, 2 Months, 7 Days",old
414,Customer 414,customer414@example.com,Serbia,3/27/2023,2023,March,"2 Years, 8 Months, 14 Days",old
415,Customer 415,customer415@example.com,Germany,11/6/2023,2023,November,"2 Years, 1 Months, 5 Days",young
416,Customer 416,customer416@example.com,Serbia,11/6/2020,2020,November,"5 Years, 1 Months, 5 Days",old
417,Customer 417,customer417@example.com,Croatia,2/26/2023,2023,February,"2 Years, 9 Months, 15 Days",old
418,Customer 418,customer418@example.com,Bosnia,6/23/2020,2020,June,"5 Years, 5 Months, 18 Days",old
419,Customer 419,customer419@example.com,Croatia,8/30/2020,2020,August,"5 Years, 3 Months, 11 Days",old
420,Customer 420,customer420@example.com,Austria,5/2/2022,2022,May,"3 Years, 7 Months, 9 Days",old
421,Customer 421,customer421@example.com,Austria,5/5/2023,2023,May,"2 Years, 7 Months, 6 Days",old
422,Customer 422,customer422@example.com,Austria,4/7/2021,2021,April,"4 Years, 8 Months, 4 Days",old
423,Customer 423,customer423@example.com,Austria,2/18/2022,2022,February,"3 Years, 9 Months, 23 Days",old
424,Customer 424,customer424@example.com,Slovenia,6/25/2022,2022,June,"3 Years, 5 Months, 16 Days",old
425,Customer 425,customer425@example.com,Bosnia,4/20/2023,2023,April,"2 Years, 7 Months, 21 Days",old
426,Customer 426,customer426@example.com,Slovenia,9/17/2021,2021,September,"4 Years, 2 Months, 24 Days",old
427,Customer 427,customer427@example.com,Austria,6/25/2023,2023,June,"2 Years, 5 Months, 16 Days",young
428,Customer 428,customer428@example.com,Serbia,6/2/2023,2023,June,"2 Years, 6 Months, 9 Days",old
429,Customer 429,customer429@example.com,Germany,7/22/2020,2020,July,"5 Years, 4 Months, 19 Days",old
430,Customer 430,customer430@example.com,Croatia,7/5/2023,2023,July,"2 Years, 5 Months, 6 Days",young
431,Customer 431,customer431@example.com,Croatia,6/25/2021,2021,June,"4 Years, 5 Months, 16 Days",old
432,Customer 432,customer432@example.com,Germany,6/15/2020,2020,June,"5 Years, 5 Months, 26 Days",old
433,Customer 433,customer433@example.com,Croatia,5/6/2021,2021,May,"4 Years, 7 Months, 5 Days",old
434,Customer 434,customer434@example.com,Croatia,2/4/2023,2023,February,"2 Years, 10 Months, 7 Days",old
435,Customer 435,customer435@example.com,Serbia,11/16/2020,2020,November,"5 Years, 0 Months, 25 Days",old
436,Customer 436,customer436@example.com,Serbia,4/16/2022,2022,April,"3 Years, 7 Months, 25 Days",old
437,Customer 437,customer437@example.com,Slovenia,11/12/2023,2023,November,"2 Years, 0 Months, 29 Days",young
438,Customer 438,customer438@example.com,Austria,8/20/2022,2022,August,"3 Years, 3 Months, 21 Days",old
439,Customer 439,customer439@example.com,Bosnia,3/7/2020,2020,March,"5 Years, 9 Months, 4 Days",old
440,Customer 440,customer440@example.com,Croatia,8/13/2021,2021,August,"4 Years, 3 Months, 28 Days",old
441,Customer 441,customer441@example.com,Germany,8/2/2021,2021,August,"4 Years, 4 Months, 9 Days",old
442,Customer 442,customer442@example.com,Germany,7/18/2022,2022,July,"3 Years, 4 Months, 23 Days",old
443,Customer 443,customer443@example.com,Serbia,11/8/2023,2023,November,"2 Years, 1 Months, 3 Days",young
444,Customer 444,customer444@example.com,Croatia,6/25/2021,2021,June,"4 Years, 5 Months, 16 Days",old
445,Customer 445,customer445@example.com,Germany,4/22/2023,2023,April,"2 Years, 7 Months, 19 Days",old
446,Customer 446,customer446@example.com,Germany,2/9/2021,2021,February,"4 Years, 10 Months, 2 Days",old
447,Customer 447,customer447@example.com,Slovenia,8/23/2020,2020,August,"5 Years, 3 Months, 18 Days",old
448,Customer 448,customer448@example.com,Austria,4/5/2021,2021,April,"4 Years, 8 Months, 6 Days",old
449,Customer 449,customer449@example.com,Germany,11/1/2020,2020,November,"5 Years, 1 Months, 10 Days",old
450,Customer 450,customer450@example.com,Bosnia,10/18/2020,2020,October,"5 Years, 1 Months, 23 Days",old
451,Customer 451,customer451@example.com,Serbia,5/2/2020,2020,May,"5 Years, 7 Months, 9 Days",old
452,Customer 452,customer452@example.com,Croatia,9/21/2021,2021,September,"4 Years, 2 Months, 20 Days",old
453,Customer 453,customer453@example.com,Austria,3/11/2023,2023,March,"2 Years, 9 Months, 0 Days",old
454,Customer 454,customer454@example.com,Bosnia,6/18/2022,2022,June,"3 Years, 5 Months, 23 Days",old
455,Customer 455,customer455@example.com,Serbia,8/17/2022,2022,August,"3 Years, 3 Months, 24 Days",old
456,Customer 456,customer456@example.com,Germany,9/14/2021,2021,September,"4 Years, 2 Months, 27 Days",old
457,Customer 457,customer457@example.com,Germany,4/4/2022,2022,April,"3 Years, 8 Months, 7 Days",old
458,Customer 458,customer458@example.com,Bosnia,10/21/2022,2022,October,"3 Years, 1 Months, 20 Days",old
459,Customer 459,customer459@example.com,Austria,10/8/2022,2022,October,"3 Years, 2 Months, 3 Days",old
460,Customer 460,customer460@example.com,Slovenia,6/13/2020,2020,June,"5 Years, 5 Months, 28 Days",old
461,Customer 461,customer461@example.com,Austria,3/22/2020,2020,March,"5 Years, 8 Months, 19 Days",old
462,Customer 462,customer462@example.com,Slovenia,10/22/2021,2021,October,"4 Years, 1 Months, 19 Days",old
463,Customer 463,customer463@example.com,Austria,5/27/2021,2021,May,"4 Years, 6 Months, 14 Days",old
464,Customer 464,customer464@example.com,Serbia,7/6/2020,2020,July,"5 Years, 5 Months, 5 Days",old
465,Customer 465,customer465@example.com,Croatia,10/12/2023,2023,October,"2 Years, 1 Months, 29 Days",young
466,Customer 466,customer466@example.com,Austria,4/17/2023,2023,April,"2 Years, 7 Months, 24 Days",old
467,Customer 467,customer467@example.com,Serbia,10/8/2023,2023,October,"2 Years, 2 Months, 3 Days",young
468,Customer 468,customer468@example.com,Bosnia,3/26/2023,2023,March,"2 Years, 8 Months, 15 Days",old
469,Customer 469,customer469@example.com,Serbia,12/24/2020,2020,December,"4 Years, 11 Months, 17 Days",old
470,Customer 470,customer470@example.com,Slovenia,11/28/2022,2022,November,"3 Years, 0 Months, 13 Days",old
471,Customer 471,customer471@example.com,Germany,6/24/2022,2022,June,"3 Years, 5 Months, 17 Days",old
472,Customer 472,customer472@example.com,Bosnia,1/6/2021,2021,January,"4 Years, 11 Months, 5 Days",old
473,Customer 473,customer473@example.com,Austria,6/11/2022,2022,June,"3 Years, 6 Months, 0 Days",old
474,Customer 474,customer474@example.com,Germany,10/4/2022,2022,October,"3 Years, 2 Months, 7 Days",old
475,Customer 475,customer475@example.com,Serbia,8/20/2022,2022,August,"3 Years, 3 Months, 21 Days",old
476,Customer 476,customer476@example.com,Bosnia,4/16/2022,2022,April,"3 Years, 7 Months, 25 Days",old
477,Customer 477,customer477@example.com,Bosnia,10/19/2021,2021,October,"4 Years, 1 Months, 22 Days",old
478,Customer 478,customer478@example.com,Germany,8/2/2020,2020,August,"5 Years, 4 Months, 9 Days",old
479,Customer 479,customer479@example.com,Croatia,11/6/2021,2021,November,"4 Years, 1 Months, 5 Days",old
480,Customer 480,customer480@example.com,Slovenia,11/21/2023,2023,November,"2 Years, 0 Months, 20 Days",young
481,Customer 481,customer481@example.com,Slovenia,8/13/2021,2021,August,"4 Years, 3 Months, 28 Days",old
482,Customer 482,customer482@example.com,Germany,3/31/2022,2022,March,"3 Years, 8 Months, 10 Days",old
483,Customer 483,customer483@example.com,Austria,3/16/2020,2020,March,"5 Years, 8 Months, 25 Days",old
484,Customer 484,customer484@example.com,Slovenia,6/29/2020,2020,June,"5 Years, 5 Months, 12 Days",old
485,Customer 485,customer485@example.com,Bosnia,5/31/2021,2021,May,"4 Years, 6 Months, 10 Days",old
486,Customer 486,customer486@example.com,Bosnia,8/25/2020,2020,August,"5 Years, 3 Months, 16 Days",old
487,Customer 487,customer487@example.com,Slovenia,11/19/2022,2022,November,"3 Years, 0 Months, 22 Days",old
488,Customer 488,customer488@example.com,Serbia,9/8/2023,2023,September,"2 Years, 3 Months, 3 Days",young
489,Customer 489,customer489@example.com,Austria,8/4/2022,2022,August,"3 Years, 4 Months, 7 Days",old
490,Customer 490,customer490@example.com,Slovenia,4/21/2020,2020,April,"5 Years, 7 Months, 20 Days",old
491,Customer 491,customer491@example.com,Croatia,11/27/2022,2022,November,"3 Years, 0 Months, 14 Days",old
492,Customer 492,customer492@example.com,Bosnia,6/29/2023,2023,June,"2 Years, 5 Months, 12 Days",young
493,Customer 493,customer493@example.com,Slovenia,7/4/2023,2023,July,"2 Years, 5 Months, 7 Days",young
494,Customer 494,customer494@example.com,Slovenia,4/15/2020,2020,April,"5 Years, 7 Months, 26 Days",old
495,Customer 495,customer495@example.com,Croatia,6/30/2021,2021,June,"4 Years, 5 Months, 11 Days",old
496,Customer 496,customer496@example.com,Austria,9/25/2020,2020,September,"5 Years, 2 Months, 16 Days",old
497,Customer 497,customer497@example.com,Bosnia,6/16/2022,2022,June,"3 Years, 5 Months, 25 Days",old
498,Customer 498,customer498@example.com,Germany,9/19/2022,2022,September,"3 Years, 2 Months, 22 Days",old
499,Customer 499,customer499@example.com,Serbia,2/29/2020,2020,February,"5 Years, 9 Months, 12 Days",old
500,Customer 500,customer500@example.com,Germany,5/31/2023,2023,May,"2 Years, 6 Months, 10 Days",old
